final_call_type,CARE,SPD,SPD/CARE Co-Response
ABANDONED VEHICLE,0.0,100.0,0.0
ABDUCTION - NO KNOWN KIDNAPPING,0.0,100.0,0.0
"ALARM - ATM MACHINE, FREE STANDING",0.0,100.0,0.0
ALARM - AUDIBLE AUTOMOBILE (UNOCC/ANTI-THEFT),0.0,100.0,0.0
ALARM - BANK (HOLD-UP),0.0,100.0,0.0
"ALARM - COMM, HOLD-UP/PANIC (EXCEPT BANKS)",0.0,100.0,0.0
"ALARM - COMM, SILENT/AUD BURG (INCL BANKS)",0.0,100.0,0.0
"ALARM - DURESS/PANIC,TAXI/CAR/PRSN - NOT DV",0.0,100.0,0.0
ALARM - DV - DURESS/PANIC,0.0,100.0,0.0
ALARM - POLICE FACILITY,0.0,100.0,0.0
"ALARM - RESIDENTIAL - BURGLARY, SILENT/AUDIBLE",0.0,100.0,0.0
ALARM - RESIDENTIAL - SILENT/AUD PANIC/DURESS,0.0,100.0,0.0
"ALARM-COMM (INC BANK, ATM, SCHOOLS, BSN)",0.0,100.0,0.0
"ALARM-COMM ROBB (BANK, PANIC, DURESS)",0.0,100.0,0.0
"ALARM-OTHER (VARDA,PDT,FIRE,LOCAL,METRO,ETC))",0.0,100.0,0.0
ALARM-RESIDENTIAL BURG,0.0,100.0,0.0
ALARM-RESIDENTIAL PANIC OR DURESS,0.0,100.0,0.0
ALARM-VEHICLE ALARMS,0.0,100.0,0.0
ANIMAL - DANGEROUS,0.0,100.0,0.0
"ANIMAL - INJURED, DEAD HAZARD, OTHER",4.3478260869565215,95.65217391304348,0.0
ANIMAL BITE,0.0,100.0,0.0
"ANIMAL COMPLAINT - INJURED,DEAD,DANGEROUS",0.0,100.0,0.0
"ANIMAL COMPLAINT - NOISE,STRAY,BITE",0.0,99.71988795518207,0.2801120448179272
ARSON - REPORT,0.0,100.0,0.0
"ARSON, BOMBS, EXPLO - ARSON",0.0,100.0,0.0
"ARSON, BOMBS, EXPLO - RECKLESS BURNING",0.0,99.69604863221885,0.303951367781155
"ARSON,BOMBS,EXPLO - BOMBS, EXPLO,LARGE FIREWORKS",0.0,100.0,0.0
ASLT - CRITICAL (NO SHOOTINGS),0.0,100.0,0.0
ASLT - DV,0.0,96.15384615384616,3.8461538461538463
ASLT - DV CRITICAL,0.0,100.0,0.0
"ASLT - MOLESTED ADULT (GROPED, FONDLED, ETC.)",0.0,100.0,0.0
ASLT - PERSON SHOT OR SHOT AT,0.0,100.0,0.0
ASLT - REPORT FOR PERSON SHOT OR SHOT AT,0.0,100.0,0.0
ASLT - WITH OR W/O WPNS (NO SHOOTINGS),0.0,99.11504424778761,0.8849557522123894
ASSAULTS - FIREARM INVOLVED,0.0,99.46091644204851,0.5390835579514826
ASSAULTS - GANG RELATED,0.0,100.0,0.0
"ASSAULTS - HARASSMENT, THREATS",0.029958058717795086,99.64050329538647,0.329538645895746
"ASSAULTS - TELEPHONE, WRITING",0.0,100.0,0.0
"ASSAULTS, OTHER",0.0,99.55845990815966,0.44154009184033916
ASSIGNED DUTY - CENTURYLINK STADIUM,0.0,100.0,0.0
"ASSIGNED DUTY - COMMUNITY,SCHOOL,SPECIAL EVENT",0.3861003861003861,99.61389961389962,0.0
ASSIGNED DUTY - COURT,0.0,100.0,0.0
ASSIGNED DUTY - DETAIL BY SUPERVISOR,0.14184397163120568,99.8581560283688,0.0
ASSIGNED DUTY - FOOT BEAT (FROM ASSIGNED CAR),0.0,100.0,0.0
ASSIGNED DUTY - HOSPITAL GUARD,0.0,96.29629629629629,3.7037037037037033
ASSIGNED DUTY - IN-SERVICE TRAINING,0.0,100.0,0.0
ASSIGNED DUTY - MEET W/ SUPERVISOR (OUT OF SVC),2.272727272727273,97.72727272727273,0.0
ASSIGNED DUTY - OTHER ESCORT,11.11111111111111,88.88888888888889,0.0
ASSIGNED DUTY - REPORTS,0.0,100.0,0.0
ASSIGNED DUTY - SEATTLE CENTER EVENT,0.0,100.0,0.0
ASSIGNED DUTY - STAKEOUT,0.0,100.0,0.0
"ASSIGNED DUTY - STATION DUTY (CLERK,MAIL,ETC)",0.0,100.0,0.0
"ASSIGNED DUTY - TRANSPORT EVIDENCE,EQUIPMENT",0.0,100.0,0.0
ASSIST OTHER AGENCY - CITY AGENCY,0.02933124755572937,98.93429800547516,1.0363707469691044
ASSIST OTHER AGENCY - COUNTY AGENCY,0.0,99.13867355727821,0.8613264427217916
ASSIST OTHER AGENCY - EMERGENCY SERVICE,0.0,100.0,0.0
ASSIST OTHER AGENCY - FEDERAL AGENCY,0.0,100.0,0.0
ASSIST OTHER AGENCY - ROUTINE SERVICE,1.4128728414442702,98.58712715855573,0.0
ASSIST OTHER AGENCY - STATE AGENCY,0.0,99.14821124361158,0.8517887563884157
"ASSIST PUBLIC - 911 HANG UP, OPEN LINE",0.0,99.24642049736248,0.7535795026375283
ASSIST PUBLIC - NO WELFARE CHK OR DV ORDER SERVICE,40.0,47.38461538461539,12.615384615384615
ASSIST PUBLIC - OTHER (NON-SPECIFIED),0.2030800473853444,95.16838720595702,4.628532746657641
ASSIST SPD,0.0,100.0,0.0
AUTO - THEFT/LOSS OF PLATES,0.0,100.0,0.0
AUTO RECOVERY,0.0,100.0,0.0
AUTO THEFT - VEH THEFT OR THEFT AND RECOVERY,0.0,100.0,0.0
AUTOMOBILES - ABANDONED CAR,0.0,100.0,0.0
AUTOMOBILES - AUTO THEFT,0.0,99.9475982532751,0.05240174672489083
AUTOMOBILES - AUTO THEFT & RECOVERY,0.0,99.90167158308752,0.09832841691248771
AUTOMOBILES - LICENSE PLATE(S) THEFT OR LOSS,0.0,100.0,0.0
AUTOMOBILES - RECOVERY (THEFT),0.0,99.90972013241047,0.09027986758952752
AWOL - ADULT OR JUVENILE,0.0,100.0,0.0
BIAS,0.0,100.0,0.0
BOMB - THREATS,0.0,100.0,0.0
BROADCAST AND CLEAR BY RADIO,0.1669449081803005,99.8330550918197,0.0
BURG - COMM BURGLARY,0.0,100.0,0.0
BURG - OCCUPIED RESD,0.0,100.0,0.0
BURG - RESD (INCL UNOCC STRUCTURES ON PROP),0.0,100.0,0.0
BURGLARY - NON RESIDENTIAL/COMMERCIAL,0.0,99.90407673860912,0.09592326139088729
BURGLARY - RESIDENTIAL OCCUPIED,0.0,99.8812351543943,0.11876484560570072
"BURGLARY - RESIDENTIAL, UNOCCUPIED",0.0,99.89495798319328,0.10504201680672269
BURGLARY - UNOCC STRUC ON RESN PROP,0.0,100.0,0.0
BURN - RECKLESS BURNING,0.0,100.0,0.0
CARJACKING - ROBBERY,0.0,100.0,0.0
CASUALTY NON-TRAF NON-CRIM - DRUG RELATED (OD),0.0,98.23399558498896,1.7660044150110374
"CASUALTY,NON-TRAF,NON-CRIM - NON-DRUG RELATED",0.0,98.03719008264463,1.962809917355372
CCR ONLY - ASSIST THE PUBLIC,80.14329580348004,0.8188331627430911,19.037871033776867
CCR ONLY - CARE CRISIS RESPONSE,37.03703703703704,1.2345679012345678,61.72839506172839
CCR ONLY - COMMUNITY PRESENCE,99.62121212121212,0.0946969696969697,0.2840909090909091
CCR ONLY - NON-OD SUD CALL,50.0,5.555555555555555,44.44444444444444
CCR ONLY - OVERDOSE,23.076923076923077,69.23076923076923,7.6923076923076925
CCR ONLY - SUICIDAL PERSON,9.090909090909092,40.909090909090914,50.0
"CCR ONLY - WELFARE CHK, DOWN PERSON, EXCL OD",37.94642857142857,20.982142857142858,41.07142857142857
CHILD -  LURING,0.0,100.0,0.0
"CHILD - ABAND, ABUSE, MOLEST, NEGLECT",0.0,100.0,0.0
"CHILD - ABANDONED, ABUSED AND NEGLECTED",0.0,97.31543624161074,2.684563758389262
CHILD - CHILD ENDANGERMENT,0.0,96.55172413793103,3.4482758620689653
"CHILD - CRITICAL ABAND, ABUSE, MOLEST, NEGLECT",0.0,100.0,0.0
COMMERCIAL SEXUAL EXPLOITATION OF MINORS (CSEC),0.0,100.0,0.0
CRISIS COMPLAINT - GENERAL,0.007781495603454983,97.47101392887713,2.521204575519415
CRISIS COMPLAINT - PICK-UP OR TRANSPORT,0.0,92.80000000000001,7.199999999999999
CROWD MGMNT (STAND BY ONLY),0.0,100.0,0.0
CUSTODIAL INTERFERENCE - DV,0.0,100.0,0.0
DEMO MGMNT (CONTROL TACTICS USED),0.0,100.0,0.0
DEMONSTRATIONS,0.0,100.0,0.0
DETOX - REQUEST FOR,0.0,100.0,0.0
DIRECTED PATROL ACTIVITY,0.6937709809772473,99.20925027974636,0.0969787392763894
DISTURBANCE,0.0,99.32203389830508,0.6779661016949152
DISTURBANCE - DV - NO ASLT,0.0,100.0,0.0
DISTURBANCE - DV CRITICAL,0.0,100.0,0.0
DISTURBANCE - FIGHT,0.0,99.37578027465668,0.6242197253433208
DISTURBANCE - GANG RELATED,0.0,100.0,0.0
DISTURBANCE - JUVENILE,0.0,98.4126984126984,1.5873015873015872
DISTURBANCE - NOISE,0.0,99.98029944838456,0.019700551615445233
DISTURBANCE - NOISE RESIDENTIAL,0.0,99.86919555264879,0.13080444735120994
DISTURBANCE - OTHER,0.003426300280956623,99.60254916740902,0.3940245323100116
"DOA - CASUALTY, DEAD BODY",0.0,98.80952380952381,1.1904761904761905
DOMESTIC SEX TRAFFICKING,0.0,100.0,0.0
DOWN - CHECK FOR DOWN PERSON,0.0,73.42657342657343,26.573426573426573
DOWN TIME - OUT OF SERVICE,0.0,100.0,0.0
DRIVE BY SHOOTING - NO INJURIES,0.0,99.67948717948718,0.3205128205128205
DUI - DRIVING UNDER INFLUENCE,0.0,100.0,0.0
"DV - ARGUMENTS, DISTURBANCE (NO ARREST)",0.0,98.25742574257426,1.7425742574257428
DV - ASSIST VICTIM BY COURT ORDER,0.0,100.0,0.0
DV - DOMESTIC THREATS BY PHONE OR WRITING,0.0,99.56896551724138,0.43103448275862066
DV - DOMESTIC VIOL/ASLT (ARREST MANDATORY),0.0,98.85807504078304,1.1419249592169658
DV - DOMESTIC VIOLENCE (ARREST DISCRETIONARY),0.0,99.1891891891892,0.8108108108108109
DV - ENFORCE COURT ORDER (ARREST MANDATED),0.0,99.2831541218638,0.7168458781362007
DV - SERVICE OF COURT ORDER,0.0,99.91039426523297,0.08960573476702509
DV - STANDBY TO ASSURE PEACE,0.0,100.0,0.0
"DV -VULNERABLE ADULT, FINANCIAL EXPLOITATION",0.0,100.0,0.0
"DV -VULNERABLE ADULT, NEGLECT",0.0,100.0,0.0
"DV -VULNERABLE ADULT, PHYSICAL ABUSE",0.0,100.0,0.0
ELEMENTARY SCHOOL VISIT,0.0,100.0,0.0
EXPLOSION,0.0,100.0,0.0
FIGHT - CRITICAL WITH WEAPONS,0.0,100.0,0.0
FIGHT - PHYSICAL (NO WEAPONS),0.0,100.0,0.0
FIGHT - WITH WEAPONS,0.0,100.0,0.0
FIREWORKS (NO HAZARD),0.0,100.0,0.0
FOLLOW UP,0.6342494714587738,99.04862579281183,0.3171247357293869
FOOT - ELUDING POLICE,0.0,100.0,0.0
FOUND PERSON,0.0,78.57142857142857,21.428571428571427
FRAUD,0.0,100.0,0.0
"FRAUD - FORGERY, BAD CHECKS",0.0,100.0,0.0
"FRAUD - FRAUD, INCLUDING BUNCO",0.0,100.0,0.0
GAS/MAINTENANCE/WASH/GARAGE,0.8264462809917356,99.17355371900827,0.0
HARAS - NO BIAS OR THREATS,0.0,100.0,0.0
HARBOR - ABANDONED PROPERTY,0.0,100.0,0.0
HARBOR - ASSIST BOATER (NON EMERG),0.0,100.0,0.0
HARBOR - BOAT ACCIDENT,0.0,100.0,0.0
HARBOR - BOATING UNDER THE INFLUENCE,0.0,100.0,0.0
HARBOR - BODY SEARCH/RECOVERY,0.0,100.0,0.0
"HARBOR - DEBRIS, NAVIGATIONAL HAZ",0.0,100.0,0.0
HARBOR - HARBOR CODE VIOLATION,0.0,100.0,0.0
HARBOR - MARINE FIRE,0.0,100.0,0.0
HARBOR - PERSON IN WATER,0.0,100.0,0.0
"HARBOR - VESSEL, ABANDONED",0.0,100.0,0.0
"HARBOR - VESSEL, RECOVERY (THEFT)",0.0,100.0,0.0
"HARBOR - VESSEL, THEFT",0.0,100.0,0.0
"HARBOR - VESSEL, THEFT AND RECOVERY",0.0,100.0,0.0
"HARBOR - WATER DEBRIS, NAVIGATIONAL HAZARDS",0.0,100.0,0.0
HARBOR - WATER EMERGENCIES,0.0,100.0,0.0
HARBOR - WATER NON-EMERGENCIES,0.0,100.0,0.0
HAZ - CRITICAL,0.0,100.0,0.0
HAZ - POTENTIAL THRT TO PHYS SAFETY,0.0,100.0,0.0
HAZARDS - HAZARDS,0.0,99.75918121613486,0.2408187838651415
HELP THE OFFICER,0.0,100.0,0.0
HELP THE OFFICER - HELP THE OFFICER (EMERGENCY),0.0,100.0,0.0
HELP THE OFFICER -ASSIST THE OFFICER (NON EMERG),0.0,100.0,0.0
HOMICIDE,0.0,96.96969696969697,3.0303030303030303
HOSPITAL GUARD ASSIGNMENT,0.0,100.0,0.0
ILLEGAL DUMPING,0.0,100.0,0.0
INFORMATIONAL BROADCASTS,0.0,100.0,0.0
INJURED -  PERSON/INDUSTRIAL ACCIDENT,0.0,100.0,0.0
INTOX & LIQ VIOLS - ADULTS (VIOLATIONS),0.0,100.0,0.0
INTOX & LIQ VIOLS - INTOXICATED PERSON,0.0,99.88344988344988,0.11655011655011654
INTOX & LIQ VIOLS - MINORS (VIOLATIONS),0.0,100.0,0.0
JUVENILE - RUNAWAY,0.0,100.0,0.0
JUVENILE - RUNAWAY PICKUP,0.0,75.0,25.0
KIDNAP - CUSTODIAL INTERFERENCE,0.0,81.81818181818183,18.181818181818183
KIDNAP - GENERAL,0.0,100.0,0.0
"LEWD -  (EXPOSING, FLASHING)",0.0,100.0,0.0
LICENSE INSPECTIONS (CHECK FOR),0.0,100.0,0.0
LIQUOR VIOLATIONS - ADULT,0.0,100.0,0.0
LIQUOR VIOLATIONS - BUSINESS,0.0,100.0,0.0
LIQUOR VIOLATIONS - MINOR,0.0,100.0,0.0
LITTERING,0.0,100.0,0.0
MISC MISD AND VIOLS - PARKS EXCLUSION,0.0,100.0,0.0
MISC MISD AND VIOLS - RECKLESS ENDANGERMENT,0.0,100.0,0.0
MISCHIEF OR NUISANCE - GENERAL,0.0,99.55263157894737,0.4473684210526315
"MISSING - (ALZHEIMER, ENDANGERED, ELDERLY)",0.0,87.5,12.5
MISSING - ADULT,0.0,100.0,0.0
MISSING - CHILD,0.0,93.54838709677419,6.451612903225806
MVC - COLLISION (ALL),1.1049723756906076,98.89502762430939,0.0
MVC - HIT AND RUN,0.0,100.0,0.0
NARCOTICS - DRUG TRAFFIC LOITERING,0.0,99.79423868312757,0.205761316872428
NARCOTICS - FOUND,0.0,100.0,0.0
"NARCOTICS - FOUND , RECOVERED NARCOTICS",0.0,100.0,0.0
NARCOTICS - MARIJUANA PUBLIC USE(NOT DISPENSARY),0.0,100.0,0.0
NARCOTICS - NARCOTICS WARRANT SERVICE,0.0,100.0,0.0
NARCOTICS - NARS REPORT,0.0,99.04761904761905,0.9523809523809524
NARCOTICS - OTHER,0.0,99.5055945875618,0.4944054124381993
"NARCOTICS - VIOLATIONS (LOITER, USE, SELL, NARS)",0.0,100.0,0.0
NARCOTICS WARRANT SERVICE,0.0,100.0,0.0
NO ANSWER WHEN CALLED,0.0,100.0,0.0
NOISE - ANIMAL (INCLUDES BARKING DOGS),0.0,100.0,0.0
NOISE - GENERAL,0.0,100.0,0.0
NUISANCE,0.0,99.4475138121547,0.5524861878453038
OFF DUTY EMPLOYMENT,0.0,100.0,0.0
"OPEN - BUILDING, DOOR, ETC.",0.0,100.0,0.0
ORDER  - SERVICE OF DV COURT ORDER,0.0,100.0,0.0
ORDER - ASSIST DV VIC W/SRVC OF COURT ORDER,0.0,100.0,0.0
ORDER - CRITICAL VIOLATION OF DV COURT ORDER,0.0,100.0,0.0
ORDER - VIOLATING DV COURT ORDER,0.0,100.0,0.0
ORDER - VIOLATION OF COURT ORDER (NON DV),0.0,100.0,0.0
OUT AT RANGE,0.0,100.0,0.0
OUT OF CAR/NO REASON GIVEN,0.0,100.0,0.0
OUT TO PRECINCT/STATION,0.0,100.0,0.0
OVERDOSE,0.0,100.0,0.0
"PANHANDLING, AGGRESSIVE",0.0,100.0,0.0
PARKING VIOLATION (EXCEPT ABANDONED CAR),0.0,100.0,0.0
PARKS VIOLATIONS/CITES (INCLUDES EXCLUSIONS),0.0,100.0,0.0
PEACE-STANDBY TO ASSURE (NO COURT ORDR SVC),0.0,98.0392156862745,1.9607843137254901
PERSON - A.W.O.L.,0.0,100.0,0.0
PERSON - FOUND PERSON,0.0,91.83673469387756,8.16326530612245
PERSON - LOST PERSON,0.0,100.0,0.0
PERSON - MISSING PERSON,0.0,94.64980544747081,5.3501945525291825
PERSON - RUNAWAY,0.0,97.52066115702479,2.479338842975207
PERSON - TRUANCY,0.0,100.0,0.0
PERSON IN BEHAVIORAL/EMOTIONAL CRISIS,1.5151515151515151,92.42424242424242,6.0606060606060606
POWER OUT - POLES AND TRANSFORMERS,0.0,100.0,0.0
"PREMISE CHECK, OFFICER INITIATED ONVIEW ONLY",29.59830866807611,70.19027484143763,0.21141649048625794
PREMISE CHECKS - BUSINESS CHECK,0.034952813701502966,99.93009437259698,0.034952813701502966
PREMISE CHECKS - CRIME PREVENTION,0.24960479241201433,99.66719361011731,0.08320159747067143
PREMISE CHECKS - HOMELESS ENCAMPMENT,0.0,100.0,0.0
PREMISE CHECKS - LICENSE INSPECTIONS,7.6923076923076925,92.3076923076923,0.0
PREMISE CHECKS - REQUEST TO WATCH,0.0,99.88262910798123,0.11737089201877934
PREPLANNED EVENT,0.0,100.0,0.0
PRISONER ESCORT - BUSY CODE,0.0,100.0,0.0
PROPERTY - DAMAGE,0.0,100.0,0.0
PROPERTY - DAMAGE (GUN RELATED),0.0,100.0,0.0
PROPERTY - FOUND,0.0,100.0,0.0
"PROPERTY - FOUND GUN, SHELLCASINGS",0.0,100.0,0.0
PROPERTY - FOUND PROPERTY,0.0,99.75565058032987,0.2443494196701283
PROPERTY - FOUND PROPERTY (NON-SPD SIN),0.0,100.0,0.0
PROPERTY - LOST OR MISSING,0.0,96.29629629629629,3.7037037037037033
PROPERTY - MISSING PROPERTY,0.0,100.0,0.0
PROPERTY DEST (DAMG),0.0,99.90878686530861,0.09121313469139557
PROPERTY DEST (DAMG) - GRAFFITI (INCLUDES GANG),0.0,100.0,0.0
PROWLER - GENERAL,0.0,100.0,0.0
PROWLER - TRESPASS,0.0,99.3391660461653,0.6608339538346985
"PROWLER - TRESPASS, PARKS EXCLUSION",0.0,97.05882352941177,2.941176470588235
RAPE,0.0,100.0,0.0
RAPE - KNOWN SUSPECT (ACQUAINTANCE),0.0,100.0,0.0
RAPE - UNKNOWN SUSPECT (STRANGER),0.0,100.0,0.0
REQUEST TO WATCH,0.0,100.0,0.0
ROBBERY (INCL STRONG ARM),0.0,100.0,0.0
ROBBERY - ARMED,0.0,99.65928449744463,0.34071550255536626
ROBBERY - CRITICAL (INCLUDES STRONG ARM),0.0,100.0,0.0
ROBBERY - STRONG ARM,0.0,99.13258983890955,0.8674101610904585
SERVICE - WELFARE CHECK,2.4024024024024024,83.48348348348348,14.114114114114114
SEX IN PUBLIC PLACE (INCL MASTURBATION),0.0,100.0,0.0
SEX OFFENDER - FAILURE TO REGISTER,0.0,100.0,0.0
SEX OFFENSES (NON-RAPE) - FAILURE TO REGISTER,0.0,100.0,0.0
SEX OFFENSES (NON-RAPE) - LEWD CONDUCT,0.0,99.3975903614458,0.6024096385542169
SEX OFFENSES (RAPE) - MOLESTING,0.0,98.52941176470588,1.4705882352941175
SFD - ASSIST ON CRITICAL FIRE OR MEDIC RESPONSE,0.0,100.0,0.0
SFD - ASSIST ON FIRE OR MEDIC RESPONSE,0.0,100.0,0.0
SHOPLIFT - THEFT,0.0,100.0,0.0
SHOTS HEARD - DELAY,0.0,100.0,0.0
SHOTS HEARD - IN PROGRESS,0.0,100.0,0.0
STADIUM EVENT ASSIGNMENT,0.0,100.0,0.0
SUICIDE - CRITICAL,0.0,95.08196721311475,4.918032786885246
SUICIDE - SUICIDAL PERSON AND ATTEMPTS,1.8867924528301887,90.56603773584906,7.547169811320755
"SUSPICIOUS CIRCUM. - BUILDING (OPEN DOOR, ETC)",0.0,99.79195561719834,0.20804438280166435
SUSPICIOUS CIRCUM. - SUSPICIOUS PERSON,0.0,99.50862414761332,0.49137585238668274
SUSPICIOUS CIRCUM. - SUSPICIOUS VEHICLE,0.0,99.88916256157636,0.11083743842364532
SUSPICIOUS PACKAGE,0.0,100.0,0.0
"SUSPICIOUS PERSON, VEHICLE, OR INCIDENT",0.0,99.65156794425087,0.34843205574912894
SUSPICIOUS STOP - OFFICER INITIATED ONVIEW,0.0,96.93877551020408,3.061224489795918
SWATTING,0.0,100.0,0.0
TEST CALL ONLY,14.583333333333334,85.41666666666666,0.0
THEFT (DOES NOT INCLUDE SHOPLIFT OR SVCS),0.0,100.0,0.0
THEFT - ALL OTHER,0.0,99.86595174262735,0.13404825737265416
THEFT - AUTO ACCESSORIES,0.0,100.0,0.0
THEFT - BICYCLE,0.0,100.0,0.0
THEFT - CAR PROWL,0.0,99.95906672124437,0.04093327875562833
THEFT - SHOPLIFT,0.0,99.87926871334943,0.12073128665056915
THEFT OF SERVICES,0.0,100.0,0.0
THREATS (INCLS IN-PERSON/BY PHONE/IN WRITING),0.0,99.11504424778761,0.8849557522123894
THREATS - DV - NO ASSAULT,0.0,100.0,0.0
TRAF - ELUDING POLICE,0.0,100.0,0.0
TRAFFIC - ASSIST MOTORIST,0.0,100.0,0.0
TRAFFIC - BICYCLE VIOLATION,0.0,100.0,0.0
TRAFFIC - BLOCKING ROADWAY,0.0,100.0,0.0
TRAFFIC - BLOCKING TRAFFIC,0.0,99.86816084377061,0.13183915622940012
TRAFFIC - BO SIGNALS AND DOWN SIGNS,0.0,100.0,0.0
TRAFFIC - COMMUNITY TRAFFIC COMPLAINT (CTC),0.0,100.0,0.0
TRAFFIC - D.U.I.,0.0,99.4261119081779,0.5738880918220948
TRAFFIC - MOVING VIOLATION,0.0,99.95855208621165,0.04144791378833932
TRAFFIC - MV COLLISION INVESTIGATION,0.0,99.94303076338778,0.05696923661222939
TRAFFIC - PARKING VIOL (EXCEPT ABANDONED CAR),0.0,99.99459693105685,0.005403068943159715
TRAFFIC - PEDESTRIAN VIOLATION,0.0,100.0,0.0
TRAFFIC - REFUSE TO STOP (PURSUIT),0.0,100.0,0.0
TRAFFIC - ROAD RAGE,0.0,100.0,0.0
TRAFFIC - SCHOOL ZONE ENFORCEMENT,0.0,100.0,0.0
TRAFFIC - TRAFFIC CONTROL (SPECIAL EVENTS),0.0,100.0,0.0
TRAFFIC STOP - OFFICER INITIATED ONVIEW,0.0,100.0,0.0
"TREES DOWN, OBSTRUCTING PUBLIC PROP (NO HAZ)",0.0,100.0,0.0
TRESPASS,0.0,99.6,0.4
TRU - ASLT - WITH OR W/O WPNS (NO SHOOTINGS),0.0,100.0,0.0
TRU - AUTO THEFT,0.0,100.0,0.0
TRU - COMMERCIAL BURGLARY,0.0,100.0,0.0
TRU - DISTURBANCE,0.0,100.0,0.0
TRU - FOLLOW UP,0.0,100.0,0.0
TRU - FRAUD,0.0,100.0,0.0
TRU - HARASSMENT,0.0,100.0,0.0
TRU - JUVENILE - RUNAWAY,0.0,100.0,0.0
TRU - MISSING ADULT,0.0,100.0,0.0
TRU - MVC - HIT AND RUN,0.0,100.0,0.0
TRU - PROPERTY DESTRUCTION/DAMAGE,0.0,100.0,0.0
TRU - RESIDENTIAL BURGLARY,0.0,100.0,0.0
TRU - ROAD RAGE,0.0,100.0,0.0
TRU - ROBBERY,0.0,100.0,0.0
TRU - SHOPLIFT,0.0,100.0,0.0
TRU - SUSPICIOUS CIRCUMSTANCES,0.0,100.0,0.0
TRU - THEFT,0.0,100.0,0.0
TRU - THEFT/LOSS OF PLATES,0.0,100.0,0.0
TRU - THREATS,0.0,100.0,0.0
TRU - VEHICLE COLLISION,0.0,100.0,0.0
UNKNOWN - ANI/ALI - LANDLINE (INCLUDES OPEN LINE),0.0,100.0,0.0
UNKNOWN - ANI/ALI - WRLS PHNS (INCL OPEN LINE),0.0,100.0,0.0
UNKNOWN - COMPLAINT OF UNKNOWN NATURE,0.0,99.14529914529915,0.8547008547008548
"URINATING, DEFECATING IN PUBLIC",0.0,100.0,0.0
VICE - GAMBLING,0.0,100.0,0.0
VICE - LIQUOR (BUSINESS ESTABLISHMENT),0.0,100.0,0.0
VICE - OTHER,0.0,100.0,0.0
VICE - PORNOGRAPHY,0.0,100.0,0.0
VICE - PROSTITUTION,0.0,99.62962962962963,0.3703703703703704
VICE - VIOL. OF SOAP ORDER,0.0,100.0,0.0
WARRANT - FELONY PICKUP,0.0,100.0,0.0
WARRANT - MISD PICKUP,0.0,100.0,0.0
WARRANT - SEARCH. CAUTION (EXCL NARCOTICS),0.0,100.0,0.0
"WARRANT - SEARCH. EXECUTED, SECURED",0.0,100.0,0.0
WARRANT PICKUP - FROM OTHER AGENCY,0.0,85.71428571428571,14.285714285714285
WARRANT SERVICES - FELONY,0.0,99.59742351046698,0.40257648953301123
WARRANT SERVICES - MISDEMEANOR,0.0,99.51219512195122,0.4878048780487805
"WATER FLOODS (BROKEN MAINS/HYDRANTS, NO HAZ)",0.0,100.0,0.0
"WEAPN - GUN,DEADLY WPN (NO THRTS/ASLT/DIST)",0.0,100.0,0.0
"WEAPON, PERSON WITH - GUN",0.0,100.0,0.0
"WEAPON,PERSON WITH - OTHER WEAPON",0.0,99.73474801061008,0.2652519893899204
"WIRES DOWN (PHONE, ELECTRICAL,ETC.)",0.0,100.0,0.0
